{"train_loss": [0.43017391188471926, 0.33936138178398406, 0.3177638849596572, 0.3080662450954026, 0.2981022127897911], "train_acc": [0.7987612929644512, 0.8452895861592404, 0.8534537916208124, 0.8595961405574182, 0.8627185012668594]}